{
	"Calibration": {
		"Dynamic": {
			"Stereo": {
				"Angle": {
					"Epipolar": 9.73616376449256354e-05,
					"Vergence": 0
				},
				"Left": {
					"Camera": [
						[
							1032.68876657491614,
							0,
							0
						],
						[
							0,
							1032.68876657491614,
							0
						],
						[
							529.991347829596862,
							518.582882951170404,
							1
						]
					],
					"Rotation": [
						[
							0.996343359660818551,
							0.00137043575017826449,
							-0.0854285172857832259
						],
						[
							-0.00160991418924569122,
							0.999994965516618817,
							-0.00273443188244699249
						],
						[
							0.0854243398341245352,
							0.00286196563066549612,
							0.996340549870692094
						]
					]
				},
				"Reprojection": [
					[
						1,
						0,
						0,
						0
					],
					[
						0,
						1,
						0,
						0
					],
					[
						0,
						0,
						0,
						0.00992715407520324868
					],
					[
						-529.991347829596862,
						-518.582882951170404,
						1032.68876657491614,
						2.23897916655905638
					]
				],
				"Right": {
					"Camera": [
						[
							1032.68876657491614,
							0,
							0
						],
						[
							0,
							1032.68876657491614,
							0
						],
						[
							755.532237957588109,
							518.582882951170404,
							1
						]
					],
					"Rotation": [
						[
							0.998279320798852177,
							-0.000600176635865921774,
							0.0586347802365472723
						],
						[
							0.000440599645112381227,
							0.999996164369441387,
							0.00273443199916928188
						],
						[
							-0.0586361964773906563,
							-0.00270389245553789284,
							0.998275756205796005
						]
					]
				}
			}
		},
		"Monocular": {
			"Left": {
				"Camera": [
					[
						1154.14874262480294,
						0,
						0
					],
					[
						0,
						1152.50288109108783,
						0
					],
					[
						651.147835002236206,
						511.304063274972236,
						1
					]
				],
				"Distortion": [
					-0.549571835473353199,
					0.303330696996355065,
					-0.000144855045200556752,
					0.000142360887594414836,
					-0.0922444640512864733
				]
			},
			"Right": {
				"Camera": [
					[
						1156.58932348945996,
						0,
						0
					],
					[
						0,
						1154.7712606024038,
						0
					],
					[
						654.141971918868194,
						520.846779102713413,
						1
					]
				],
				"Distortion": [
					-0.550336966157562668,
					0.305313001349697466,
					-0.000137106293340300873,
					-0.000528162687479527288,
					-0.0955004724909961772
				]
			}
		},
		"Stereo": {
			"Angle": {
				"Epipolar": -0.00527415123059163295,
				"OpticalAxis": 0.0019793048642704333,
				"Vergence": 0.144201216256103104
			},
			"Baseline": 100.73380471628532,
			"Left": {
				"Camera": [
					[
						1032.68876657491614,
						0,
						0
					],
					[
						0,
						1032.68876657491614,
						0
					],
					[
						529.991347829596862,
						518.582882951170404,
						1
					]
				],
				"Rotation": [
					[
						0.996343359660818551,
						0.00137875320401426764,
						-0.0854283834530137343
					],
					[
						-0.00160991418924569122,
						0.999995227005764042,
						-0.0026370707221611985
					],
					[
						0.0854243398341245352,
						0.00276496026966659798,
						0.996340823794052532
					]
				]
			},
			"Rectification": true,
			"Reprojection": [
				[
					1,
					0,
					0,
					0
				],
				[
					0,
					1,
					0,
					0
				],
				[
					0,
					0,
					0,
					0.00992715407520324868
				],
				[
					-529.991347829596862,
					-518.582882951170404,
					1032.68876657491614,
					2.23897916655905638
				]
			],
			"Right": {
				"Camera": [
					[
						1032.68876657491614,
						0,
						0
					],
					[
						0,
						1032.68876657491614,
						0
					],
					[
						755.532237957588109,
						518.582882951170404,
						1
					]
				],
				"Rotation": [
					[
						0.998279320798852177,
						-0.000594467854803536655,
						0.0586348383928193273
					],
					[
						0.000440599645112381227,
						0.999996425858592275,
						0.00263707072216121325
					],
					[
						-0.0586361964773906563,
						-0.00260669868043053631,
						0.998276014729721051
					]
				]
			}
		}
	},
	"EepromId": 1,
	"Images": {
		"DisparityMap": 13122589400.4050503,
		"PointMap": null,
		"Raw": {
			"Left": 13122589400.4090004,
			"Right": 13122589400.4090004
		},
		"Rectified": {
			"Left": 13122589399.7589722,
			"Right": 13122589399.7589741
		},
		"WithOverlay": {
			"Left": null,
			"Right": null
		}
	},
	"Link": {
		"Rotation": {
			"Angle": 1.54434316604597499,
			"Axis": [
				-0.00299920081930403004,
				-0.00356243735827917575,
				0.999989156858470118
			]
		},
		"Target": "Hand",
		"Translation": [
			53.9800717332500639,
			88.3344132096127197,
			-122.266347970223222
		]
	},
	"ModelName": "N35-604-16-BL",
	"Parameters": {
		"Capture": {
			"AbsoluteBlackLevelOffset": 0,
			"AutoBlackLevel": false,
			"AutoExposure": true,
			"AutoGain": true,
			"Binning": 1,
			"BlackLevelOffset": 1,
			"Exposure": 0.798674224021592494,
			"FlashDelay": -0.0500000000000000028,
			"FlexView": false,
			"FrontLight": false,
			"Gain": 1,
			"GainBoost": false,
			"HardwareGamma": true,
			"Hdr": false,
			"MaxFlashTime": 10,
			"MaxGain": 4,
			"PixelClock": 24,
			"Projector": true,
			"TargetBrightness": 80,
			"TriggerMode": "Software",
			"Triggered": false,
			"UseDisparityMapAreaOfInterest": false
		},
		"DisparityMap": {
			"AreaOfInterest": {
				"LeftTop": [
					0,
					0
				],
				"RightBottom": [
					1279,
					1023
				]
			},
			"MeasurementVolume": {
				"Far": {
					"DisparityStep": 3.5146438943435121,
					"LeftBottom": [
						-192.631822358968947,
						295.347549797879651,
						604.662464065767381
					],
					"LeftTop": [
						-192.631822358968947,
						-303.641923856287519,
						604.662464065767381
					],
					"PixelSize": 0.585522457139948327,
					"RightBottom": [
						406.943173752338112,
						295.347549797879651,
						604.662464065767381
					],
					"RightTop": [
						406.943173752338112,
						-303.641923856287519,
						604.662464065767381
					]
				},
				"Near": {
					"DisparityStep": 0.573115459715077269,
					"LeftBottom": [
						-77.7872522415818395,
						119.265207968849026,
						244.170620603124377
					],
					"LeftTop": [
						-77.7872522415818395,
						-122.614584822404851,
						244.170620603124377
					],
					"PixelSize": 0.236441635182066345,
					"RightBottom": [
						164.328982184854112,
						119.265207968849026,
						244.170620603124377
					],
					"RightTop": [
						164.328982184854112,
						-122.614584822404851,
						244.170620603124377
					]
				}
			},
			"PostProcessing": {
				"Filling": {
					"BorderSpread": 3,
					"RegionSize": 150
				},
				"MedianFilterRadius": 1,
				"SpeckleRemoval": {
					"ComponentThreshold": 3,
					"RegionSize": 150
				},
				"UniquenessOffset": 16,
				"UniquenessRatio": 10
			},
			"Scaling": 1,
			"StereoMatching": {
				"CostScale": -3,
				"DepthChangeCost": 5,
				"DepthStepCost": 30,
				"MinimumDisparity": -54,
				"NumberOfDisparities": 256,
				"OptimizationProfile": "AlignedAndDiagonal",
				"PropagationDecay": 3,
				"ScaledMinimumDisparity": -54,
				"ScaledNumberOfDisparities": 256,
				"ShadowingThreshold": 1
			},
			"ValidRegion": {
				"LeftTop": [
					201,
					0
				],
				"RightBottom": [
					1225,
					1023
				]
			}
		},
		"IO": {
			"Input": false,
			"Output": 0.147464867296446256
		},
		"Overlay": {
			"Text": {
				"Angle": 0,
				"Color": [
					255,
					0,
					0
				],
				"Mirror": {
					"Horizontal": false,
					"Vertical": false
				}
			}
		}
	},
	"Port": {
		"Bandwidth": 1000,
		"Type": "Ethernet"
	},
	"Sensor": {
		"Left": {
			"SerialNumber": "160678"
		},
		"Right": {
			"SerialNumber": ""
		},
		"Size": [
			1280,
			1024
		]
	},
	"SerialNumber": "160678",
	"Status": "Open",
	"Temperature": 33.8125,
	"Type": "Stereo"
}